"","Canopy Class","Canopy Height","Max Height","Bare","Wrack/Thatch","Treatment","Material","Soil Depth","Date","TransectCode","QuadratID","Scientific Name","Common Name","Code","Status","Grass/Forb","Annual/Perennial","Presence","HeightClass"
"5","C","4",NA,"C","R","Straw","Organic","2",2017-06-21,"AS10","T1","Amsinckia intermedia","fiddleneck","AMIN","Native","Forb","A","R","1"
"11","C","4",NA,"C","R","Straw","Organic","2",2017-06-21,"AS10","T1","Atriplex prostrata","fat hen","ATPR","Weed","Forb","A","C","4"
"47","C","4",NA,"C","R","Straw","Organic","2",2017-06-21,"AS10","T1","Festuca microstachys","annual fescue","FEMI","Native","Grass","A","U","1"
"116","M","3",NA,"C","R","Straw","Organic","2",2017-06-21,"AS10","T2","Atriplex prostrata","fat hen","ATPR","Weed","Forb","A","C","3"
"152","M","3",NA,"C","R","Straw","Organic","2",2017-06-21,"AS10","T2","Festuca microstachys","annual fescue","FEMI","Native","Grass","A","R","1"
"172","M","3",NA,"C","R","Straw","Organic","2",2017-06-21,"AS10","T2","Lasthenia glabrata","yellowray goldfields","LAGL","Native","Forb","A","R","1"
"221","M","1",NA,"C","R","Straw","Organic","2",2017-06-21,"AS10","U","Atriplex prostrata","fat hen","ATPR","Weed","Forb","A","C","1"
"326","M","4",NA,"C","R","Rake","Compost","1",2017-06-21,"AS11","T1","Atriplex prostrata","fat hen","ATPR","Weed","Forb","A","U","1"
"362","M","4",NA,"C","R","Rake","Compost","1",2017-06-21,"AS11","T1","Festuca microstachys","annual fescue","FEMI","Native","Grass","A","R","1"
"365","M","4",NA,"C","R","Rake","Compost","1",2017-06-21,"AS11","T1","Frankenia salina","alkali heath","FRSA","Native","Forb","P","R","1"
"370","M","4",NA,"C","R","Rake","Compost","1",2017-06-21,"AS11","T1","Grindelia stricta","salt marsh gumplant","GRST","Native","Forb","P","R","1"
"394","M","4",NA,"C","R","Rake","Compost","1",2017-06-21,"AS11","T1","Mesembryanthemum nodiflorum","slenderleaf iceplant","MENO","Weed","Forb","A","U","1"
"536","L","1",NA,"C","R","Rake","Compost","1",2017-06-21,"AS11","U","Atriplex prostrata","fat hen","ATPR","Weed","Forb","A","C","1"
"570","L","1",NA,"C","R","Rake","Compost","1",2017-06-21,"AS11","U","Eschscholzia californica","California poppy","ESCA","Native","Forb","A/P","R","1"
"572","L","1",NA,"C","R","Rake","Compost","1",2017-06-21,"AS11","U","Festuca microstachys","annual fescue","FEMI","Native","Grass","A","R","1"
"584","L","1",NA,"C","R","Rake","Compost","1",2017-06-21,"AS11","U","Hordeum depressum","alkali brome","HODE","Native","Grass","A","R","1"
"592","L","1",NA,"C","R","Rake","Compost","1",2017-06-21,"AS11","U","Lasthenia glabrata","yellowray goldfields","LAGL","Native","Forb","A","R","1"
"604","L","1",NA,"C","R","Rake","Compost","1",2017-06-21,"AS11","U","Mesembryanthemum nodiflorum","slenderleaf iceplant","MENO","Weed","Forb","A","U","1"
"641","M","3",NA,"C","R","Straw","Compost","2",2017-06-21,"AS12","T1","Atriplex prostrata","fat hen","ATPR","Weed","Forb","A","C","2"
"677","M","3",NA,"C","R","Straw","Compost","2",2017-06-21,"AS12","T1","Festuca microstachys","annual fescue","FEMI","Native","Grass","A","R","1"
"684","M","3",NA,"C","R","Straw","Compost","2",2017-06-21,"AS12","T1","Grasses",NA,"GRASS",NA,"Grass","A/P","R","3"
"689","M","3",NA,"C","R","Straw","Compost","2",2017-06-21,"AS12","T1","Hordeum depressum","alkali brome","HODE","Native","Grass","A","R","1"
"697","M","3",NA,"C","R","Straw","Compost","2",2017-06-21,"AS12","T1","Lasthenia glabrata","yellowray goldfields","LAGL","Native","Forb","A","R","1"
"709","M","3",NA,"C","R","Straw","Compost","2",2017-06-21,"AS12","T1","Mesembryanthemum nodiflorum","slenderleaf iceplant","MENO","Weed","Forb","A","U","1"
"746","M","2",NA,"C","R","Straw","Compost","2",2017-06-21,"AS12","T2","Atriplex prostrata","fat hen","ATPR","Weed","Forb","A","U","1"
"780","M","2",NA,"C","R","Straw","Compost","2",2017-06-21,"AS12","T2","Eschscholzia californica","California poppy","ESCA","Native","Forb","A/P","C","1"
"782","M","2",NA,"C","R","Straw","Compost","2",2017-06-21,"AS12","T2","Festuca microstachys","annual fescue","FEMI","Native","Grass","A","R","1"
"794","M","2",NA,"C","R","Straw","Compost","2",2017-06-21,"AS12","T2","Hordeum depressum","alkali brome","HODE","Native","Grass","A","R","1"
"851","M","2",NA,"C","R","Straw","Compost","2",2017-06-21,"AS12","U","Atriplex prostrata","fat hen","ATPR","Weed","Forb","A","U","2"
"885","M","2",NA,"C","R","Straw","Compost","2",2017-06-21,"AS12","U","Eschscholzia californica","California poppy","ESCA","Native","Forb","A/P","R","1"
"887","M","2",NA,"C","R","Straw","Compost","2",2017-06-21,"AS12","U","Festuca microstachys","annual fescue","FEMI","Native","Grass","A","R","1"
"894","M","2",NA,"C","R","Straw","Compost","2",2017-06-21,"AS12","U","Grasses",NA,"GRASS",NA,"Grass","A/P","R","2"
"899","M","2",NA,"C","R","Straw","Compost","2",2017-06-21,"AS12","U","Hordeum depressum","alkali brome","HODE","Native","Grass","A","R","1"
"956","C","4",NA,"C","R","Rake","Hybrid","3",2017-06-21,"AS13","T1","Atriplex prostrata","fat hen","ATPR","Weed","Forb","A","C","4"
"999","C","4",NA,"C","R","Rake","Hybrid","3",2017-06-21,"AS13","T1","Grasses",NA,"GRASS",NA,"Grass","A/P","R","1"
"1004","C","4",NA,"C","R","Rake","Hybrid","3",2017-06-21,"AS13","T1","Hordeum depressum","alkali brome","HODE","Native","Grass","A","R","1"
"1012","C","4",NA,"C","R","Rake","Hybrid","3",2017-06-21,"AS13","T1","Lasthenia glabrata","yellowray goldfields","LAGL","Native","Forb","A","R","1"
"1061","C","4",NA,"C","R","Rake","Hybrid","3",2017-06-21,"AS13","T2","Atriplex prostrata","fat hen","ATPR","Weed","Forb","A","C","4"
"1097","C","4",NA,"C","R","Rake","Hybrid","3",2017-06-21,"AS13","T2","Festuca microstachys","annual fescue","FEMI","Native","Grass","A","U","2"
"1166","M","3",NA,"C","R","Rake","Hybrid","3",2017-06-21,"AS13","U","Atriplex prostrata","fat hen","ATPR","Weed","Forb","A","C","3"
"1202","M","3",NA,"C","R","Rake","Hybrid","3",2017-06-21,"AS13","U","Festuca microstachys","annual fescue","FEMI","Native","Grass","A","R","1"
"1222","M","3",NA,"C","R","Rake","Hybrid","3",2017-06-21,"AS13","U","Lasthenia glabrata","yellowray goldfields","LAGL","Native","Forb","A","R","1"
"1271","M","2",NA,"C","R","Straw","Hybrid","2",2017-06-21,"AS14","T1","Atriplex prostrata","fat hen","ATPR","Weed","Forb","A","C","1"
"1307","M","2",NA,"C","R","Straw","Hybrid","2",2017-06-21,"AS14","T1","Festuca microstachys","annual fescue","FEMI","Native","Grass","A","R","1"
"1365","M","2",NA,"C","R","Straw","Hybrid","2",2017-06-21,"AS14","T1","Tetragonia tetragonioides","New Zealand spinach","TETE","Weed","Forb","A","R","1"
"1376","M","4",NA,"C","R","Straw","Hybrid","2",2017-06-21,"AS14","T2","Atriplex prostrata","fat hen","ATPR","Weed","Forb","A","C","3"
"1481","M","1",NA,"C","R","Straw","Hybrid","2",2017-06-21,"AS14","U","Atriplex prostrata","fat hen","ATPR","Weed","Forb","A","U","1"
"1515","M","1",NA,"C","R","Straw","Hybrid","2",2017-06-21,"AS14","U","Eschscholzia californica","California poppy","ESCA","Native","Forb","A/P","U","1"
"1517","M","1",NA,"C","R","Straw","Hybrid","2",2017-06-21,"AS14","U","Festuca microstachys","annual fescue","FEMI","Native","Grass","A","R","1"
"1529","M","1",NA,"C","R","Straw","Hybrid","2",2017-06-21,"AS14","U","Hordeum depressum","alkali brome","HODE","Native","Grass","A","R","1"
"1537","M","1",NA,"C","R","Straw","Hybrid","2",2017-06-21,"AS14","U","Lasthenia glabrata","yellowray goldfields","LAGL","Native","Forb","A","U","1"
"1549","M","1",NA,"C","R","Straw","Hybrid","2",2017-06-21,"AS14","U","Mesembryanthemum nodiflorum","slenderleaf iceplant","MENO","Weed","Forb","A","U","1"
"1586","M","2",NA,"C","R","Rake","Organic","3",2017-06-21,"AS15","T1","Atriplex prostrata","fat hen","ATPR","Weed","Forb","A","C","2"
"1620","M","2",NA,"C","R","Rake","Organic","3",2017-06-21,"AS15","T1","Eschscholzia californica","California poppy","ESCA","Native","Forb","A/P","U","1"
"1622","M","2",NA,"C","R","Rake","Organic","3",2017-06-21,"AS15","T1","Festuca microstachys","annual fescue","FEMI","Native","Grass","A","R","1"
"1634","M","2",NA,"C","R","Rake","Organic","3",2017-06-21,"AS15","T1","Hordeum depressum","alkali brome","HODE","Native","Grass","A","R","1"
"1691","L","1",NA,"C","R","Rake","Organic","3",2017-06-21,"AS15","T2","Atriplex prostrata","fat hen","ATPR","Weed","Forb","A","R","1"
"1725","L","1",NA,"C","R","Rake","Organic","3",2017-06-21,"AS15","T2","Eschscholzia californica","California poppy","ESCA","Native","Forb","A/P","C","1"
"1735","L","1",NA,"C","R","Rake","Organic","3",2017-06-21,"AS15","T2","Grindelia stricta","salt marsh gumplant","GRST","Native","Forb","P","R","1"
"1739","L","1",NA,"C","R","Rake","Organic","3",2017-06-21,"AS15","T2","Hordeum depressum","alkali brome","HODE","Native","Grass","A","R","1"
"1789","L","1",NA,"C","R","Rake","Organic","3",2017-06-21,"AS15","U","Ambrosia psilostachya","western ragweed","AMPS","Native","Forb","P","R","1"
"1796","L","1",NA,"C","R","Rake","Organic","3",2017-06-21,"AS15","U","Atriplex prostrata","fat hen","ATPR","Weed","Forb","A","U","1"
"1830","L","1",NA,"C","R","Rake","Organic","3",2017-06-21,"AS15","U","Eschscholzia californica","California poppy","ESCA","Native","Forb","A/P","U","1"
"1832","L","1",NA,"C","R","Rake","Organic","3",2017-06-21,"AS15","U","Festuca microstachys","annual fescue","FEMI","Native","Grass","A","R","1"
"1844","L","1",NA,"C","R","Rake","Organic","3",2017-06-21,"AS15","U","Hordeum depressum","alkali brome","HODE","Native","Grass","A","R","1"
"1852","L","1",NA,"C","R","Rake","Organic","3",2017-06-21,"AS15","U","Lasthenia glabrata","yellowray goldfields","LAGL","Native","Forb","A","R","1"
"1901","M","4",NA,"C","R","Straw","Compost","3",2017-06-21,"AS16","T1","Atriplex prostrata","fat hen","ATPR","Weed","Forb","A","C","4"
"1937","M","4",NA,"C","R","Straw","Compost","3",2017-06-21,"AS16","T1","Festuca microstachys","annual fescue","FEMI","Native","Grass","A","R","1"
"1982","M","4",NA,"C","R","Straw","Compost","3",2017-06-21,"AS16","T1","Salicornia pacifica","perennial pickleweed","SAPA","Native","Forb","P","R","3"
"2006","C","4",NA,"C","R","Straw","Compost","3",2017-06-21,"AS16","T2","Atriplex prostrata","fat hen","ATPR","Weed","Forb","A","C","4"
"2062","C","4",NA,"C","R","Straw","Compost","3",2017-06-21,"AS16","T2","Lasthenia glabrata","yellowray goldfields","LAGL","Native","Forb","A","U","2"
"2111","M","4",NA,"C","R","Straw","Compost","3",2017-06-21,"AS16","U","Atriplex prostrata","fat hen","ATPR","Weed","Forb","A","C","4"
"2167","M","4",NA,"C","R","Straw","Compost","3",2017-06-21,"AS16","U","Lasthenia glabrata","yellowray goldfields","LAGL","Native","Forb","A","R","1"
"2216","M","4",NA,"C","R","Rake","Hybrid","1",2017-06-21,"AS17","T1","Atriplex prostrata","fat hen","ATPR","Weed","Forb","A","C","4"
"2259","M","4",NA,"C","R","Rake","Hybrid","1",2017-06-21,"AS17","T1","Grasses",NA,"GRASS",NA,"Grass","A/P","R","2"
"2321","M","3",NA,"C","R","Rake","Hybrid","1",2017-06-21,"AS17","T2","Atriplex prostrata","fat hen","ATPR","Weed","Forb","A","C","2"
"2426","L","1",NA,"C","R","Rake","Hybrid","1",2017-06-21,"AS17","U","Atriplex prostrata","fat hen","ATPR","Weed","Forb","A","U","1"
"2531","M","3",NA,"C","R","Straw","Organic","2",2017-06-21,"AS18","T1","Atriplex prostrata","fat hen","ATPR","Weed","Forb","A","U","1"
"2565","M","3",NA,"C","R","Straw","Organic","2",2017-06-21,"AS18","T1","Eschscholzia californica","California poppy","ESCA","Native","Forb","A/P","R","1"
"2612","M","3",NA,"C","R","Straw","Organic","2",2017-06-21,"AS18","T1","Salicornia pacifica","perennial pickleweed","SAPA","Native","Forb","P","U","1"
"2636","M","4",NA,"C","R","Straw","Organic","2",2017-06-21,"AS18","T2","Atriplex prostrata","fat hen","ATPR","Weed","Forb","A","C","4"
"2672","M","4",NA,"C","R","Straw","Organic","2",2017-06-21,"AS18","T2","Festuca microstachys","annual fescue","FEMI","Native","Grass","A","R","1"
"2684","M","4",NA,"C","R","Straw","Organic","2",2017-06-21,"AS18","T2","Hordeum depressum","alkali brome","HODE","Native","Grass","A","R","1"
"2692","M","4",NA,"C","R","Straw","Organic","2",2017-06-21,"AS18","T2","Lasthenia glabrata","yellowray goldfields","LAGL","Native","Forb","A","R","2"
"2704","M","4",NA,"C","R","Straw","Organic","2",2017-06-21,"AS18","T2","Mesembryanthemum nodiflorum","slenderleaf iceplant","MENO","Weed","Forb","A","R","1"
"2734","L","1",NA,"C","R","Straw","Organic","2",2017-06-21,"AS18","U","Ambrosia psilostachya","western ragweed","AMPS","Native","Forb","P","R","1"
"2741","L","1",NA,"C","R","Straw","Organic","2",2017-06-21,"AS18","U","Atriplex prostrata","fat hen","ATPR","Weed","Forb","A","R","1"
"2785","L","1",NA,"C","R","Straw","Organic","2",2017-06-21,"AS18","U","Grindelia stricta","salt marsh gumplant","GRST","Native","Forb","P","R","1"
"2789","L","1",NA,"C","R","Straw","Organic","2",2017-06-21,"AS18","U","Hordeum depressum","alkali brome","HODE","Native","Grass","A","R","1"
"2846","C","4",NA,"C","R","Rake","Compost","3",2017-06-21,"AS19","T1","Atriplex prostrata","fat hen","ATPR","Weed","Forb","A","C","4"
"2951","M","4",NA,"C","R","Rake","Compost","3",2017-06-21,"AS19","T2","Atriplex prostrata","fat hen","ATPR","Weed","Forb","A","C","4"
"2999","M","4",NA,"C","R","Rake","Compost","3",2017-06-21,"AS19","T2","Hordeum depressum","alkali brome","HODE","Native","Grass","A","R","1"
"3007","M","4",NA,"C","R","Rake","Compost","3",2017-06-21,"AS19","T2","Lasthenia glabrata","yellowray goldfields","LAGL","Native","Forb","A","U","1"
"3019","M","4",NA,"C","R","Rake","Compost","3",2017-06-21,"AS19","T2","Mesembryanthemum nodiflorum","slenderleaf iceplant","MENO","Weed","Forb","A","U","1"
"3056","M","2",NA,"C","R","Rake","Compost","3",2017-06-21,"AS19","U","Atriplex prostrata","fat hen","ATPR","Weed","Forb","A","C","2"
"3092","M","2",NA,"C","R","Rake","Compost","3",2017-06-21,"AS19","U","Festuca microstachys","annual fescue","FEMI","Native","Grass","A","R","1"
"3112","M","2",NA,"C","R","Rake","Compost","3",2017-06-21,"AS19","U","Lasthenia glabrata","yellowray goldfields","LAGL","Native","Forb","A","R","1"
"3124","M","2",NA,"C","R","Rake","Compost","3",2017-06-21,"AS19","U","Mesembryanthemum nodiflorum","slenderleaf iceplant","MENO","Weed","Forb","A","U","1"
"3161","M","2",NA,"C","R","Straw","Hybrid","1",2017-06-21,"AS20","T1","Atriplex prostrata","fat hen","ATPR","Weed","Forb","A","C","2"
"3204","M","2",NA,"C","R","Straw","Hybrid","1",2017-06-21,"AS20","T1","Grasses",NA,"GRASS",NA,"Grass","A/P","R","1"
"3242","M","2",NA,"C","R","Straw","Hybrid","1",2017-06-21,"AS20","T1","Salicornia pacifica","perennial pickleweed","SAPA","Native","Forb","P","U","2"
"3266","M","4",NA,"C","R","Straw","Hybrid","1",2017-06-21,"AS20","T2","Atriplex prostrata","fat hen","ATPR","Weed","Forb","A","C","4"
"3347","M","4",NA,"C","R","Straw","Hybrid","1",2017-06-21,"AS20","T2","Salicornia pacifica","perennial pickleweed","SAPA","Native","Forb","P","U","3"
"3350","M","4",NA,"C","R","Straw","Hybrid","1",2017-06-21,"AS20","T2","Salsola sp","Tumbleweed","Salsola","Weed",NA,NA,"R","1"
"3371","L","1",NA,"C","R","Straw","Hybrid","1",2017-06-21,"AS20","U","Atriplex prostrata","fat hen","ATPR","Weed","Forb","A","U","1"
"3415","L","1",NA,"C","R","Straw","Hybrid","1",2017-06-21,"AS20","U","Grindelia stricta","salt marsh gumplant","GRST","Native","Forb","P","R","1"
"3419","L","1",NA,"C","R","Straw","Hybrid","1",2017-06-21,"AS20","U","Hordeum depressum","alkali brome","HODE","Native","Grass","A","R","1"
"3476","L","1",NA,"C","R","Rake","Organic","2",2017-06-21,"AS21","T1","Atriplex prostrata","fat hen","ATPR","Weed","Forb","A","U","1"
"3510","L","1",NA,"C","R","Rake","Organic","2",2017-06-21,"AS21","T1","Eschscholzia californica","California poppy","ESCA","Native","Forb","A/P","R","1"
"3544","L","1",NA,"C","R","Rake","Organic","2",2017-06-21,"AS21","T1","Mesembryanthemum nodiflorum","slenderleaf iceplant","MENO","Weed","Forb","A","C","1"
"3581","M","3",NA,"C","R","Rake","Organic","2",2017-06-21,"AS21","T2","Atriplex prostrata","fat hen","ATPR","Weed","Forb","A","C","3"
"3615","M","3",NA,"C","R","Rake","Organic","2",2017-06-21,"AS21","T2","Eschscholzia californica","California poppy","ESCA","Native","Forb","A/P","R","1"
"3617","M","3",NA,"C","R","Rake","Organic","2",2017-06-21,"AS21","T2","Festuca microstachys","annual fescue","FEMI","Native","Grass","A","R","1"
"3624","M","3",NA,"C","R","Rake","Organic","2",2017-06-21,"AS21","T2","Grasses",NA,"GRASS",NA,"Grass","A/P","R","3"
"3629","M","3",NA,"C","R","Rake","Organic","2",2017-06-21,"AS21","T2","Hordeum depressum","alkali brome","HODE","Native","Grass","A","R","1"
"3675","M","3",NA,"C","R","Rake","Organic","2",2017-06-21,"AS21","T2","Tetragonia tetragonioides","New Zealand spinach","TETE","Weed","Forb","A","U","2"
"3686","L","1",NA,"C","R","Rake","Organic","2",2017-06-21,"AS21","U","Atriplex prostrata","fat hen","ATPR","Weed","Forb","A","R","1"
"3722","L","1",NA,"C","R","Rake","Organic","2",2017-06-21,"AS21","U","Festuca microstachys","annual fescue","FEMI","Native","Grass","A","R","1"
"3742","L","1",NA,"C","R","Rake","Organic","2",2017-06-21,"AS21","U","Lasthenia glabrata","yellowray goldfields","LAGL","Native","Forb","A","R","1"
"3754","L","1",NA,"C","R","Rake","Organic","2",2017-06-21,"AS21","U","Mesembryanthemum nodiflorum","slenderleaf iceplant","MENO","Weed","Forb","A","R","1"
"3791","M","1",NA,"C","R","Straw","Hybrid","2",2017-06-21,"AS22","T1","Atriplex prostrata","fat hen","ATPR","Weed","Forb","A","U","1"
"3834","M","1",NA,"C","R","Straw","Hybrid","2",2017-06-21,"AS22","T1","Grasses",NA,"GRASS",NA,"Grass","A/P","R","1"
"3859","M","1",NA,"C","R","Straw","Hybrid","2",2017-06-21,"AS22","T1","Mesembryanthemum nodiflorum","slenderleaf iceplant","MENO","Weed","Forb","A","C","1"
"3896","M","3",NA,"C","R","Straw","Hybrid","2",2017-06-21,"AS22","T2","Atriplex prostrata","fat hen","ATPR","Weed","Forb","A","C","3"
"3930","M","3",NA,"C","R","Straw","Hybrid","2",2017-06-21,"AS22","T2","Eschscholzia californica","California poppy","ESCA","Native","Forb","A/P","U","2"
"3932","M","3",NA,"C","R","Straw","Hybrid","2",2017-06-21,"AS22","T2","Festuca microstachys","annual fescue","FEMI","Native","Grass","A","R","2"
"3944","M","3",NA,"C","R","Straw","Hybrid","2",2017-06-21,"AS22","T2","Hordeum depressum","alkali brome","HODE","Native","Grass","A","R","2"
"3994","M","1",NA,"C","R","Straw","Hybrid","2",2017-06-21,"AS22","U","Ambrosia psilostachya","western ragweed","AMPS","Native","Forb","P","R","1"
"4035","M","1",NA,"C","R","Straw","Hybrid","2",2017-06-21,"AS22","U","Eschscholzia californica","California poppy","ESCA","Native","Forb","A/P","U","1"
"4044","M","1",NA,"C","R","Straw","Hybrid","2",2017-06-21,"AS22","U","Grasses",NA,"GRASS",NA,"Grass","A/P","R","1"
"4045","M","1",NA,"C","R","Straw","Hybrid","2",2017-06-21,"AS22","U","Grindelia stricta","salt marsh gumplant","GRST","Native","Forb","P","R","1"
"4048","M","1",NA,"C","R","Straw","Hybrid","2",2017-06-21,"AS22","U","Hirschfeldia incana","hoary mustard","HIIN","Weed","Forb","P","R","1"
"4069","M","1",NA,"C","R","Straw","Hybrid","2",2017-06-21,"AS22","U","Mesembryanthemum nodiflorum","slenderleaf iceplant","MENO","Weed","Forb","A","R","1"
"4100","M","2",NA,"C","R","Rake","Hybrid","1",2017-06-21,"AS23","T1","Amsinckia intermedia","fiddleneck","AMIN","Native","Forb","A","R","1"
"4106","M","2",NA,"C","R","Rake","Hybrid","1",2017-06-21,"AS23","T1","Atriplex prostrata","fat hen","ATPR","Weed","Forb","A","R","1"
"4140","M","2",NA,"C","R","Rake","Hybrid","1",2017-06-21,"AS23","T1","Eschscholzia californica","California poppy","ESCA","Native","Forb","A/P","R","1"
"4174","M","2",NA,"C","R","Rake","Hybrid","1",2017-06-21,"AS23","T1","Mesembryanthemum nodiflorum","slenderleaf iceplant","MENO","Weed","Forb","A","R","1"
"4200","M","2",NA,"C","R","Rake","Hybrid","1",2017-06-21,"AS23","T1","Tetragonia tetragonioides","New Zealand spinach","TETE","Weed","Forb","A","U","1"
"4211","L","1",NA,"C","R","Rake","Hybrid","1",2017-06-21,"AS23","T2","Atriplex prostrata","fat hen","ATPR","Weed","Forb","A","R","1"
"4221","L","1",NA,"C","R","Rake","Hybrid","1",2017-06-21,"AS23","T2","Bromus madritensis","foxtail chess","BRMA","Weed","Grass","A","R","1"
"4305","L","1",NA,"C","R","Rake","Hybrid","1",2017-06-21,"AS23","T2","Tetragonia tetragonioides","New Zealand spinach","TETE","Weed","Forb","A","U","1"
"4350","L","1",NA,"C","R","Rake","Hybrid","1",2017-06-21,"AS23","U","Eschscholzia californica","California poppy","ESCA","Native","Forb","A/P","R","1"
"4352","L","1",NA,"C","R","Rake","Hybrid","1",2017-06-21,"AS23","U","Festuca microstachys","annual fescue","FEMI","Native","Grass","A","R","1"
"4364","L","1",NA,"C","R","Rake","Hybrid","1",2017-06-21,"AS23","U","Hordeum depressum","alkali brome","HODE","Native","Grass","A","U","1"
"4384","L","1",NA,"C","R","Rake","Hybrid","1",2017-06-21,"AS23","U","Mesembryanthemum nodiflorum","slenderleaf iceplant","MENO","Weed","Forb","A","U","1"
"4414","L","1",NA,"C","R","Rake","Hybrid","2",2017-06-21,"CC2","T1","Ambrosia psilostachya","western ragweed","AMPS","Native","Forb","P","R","1"
"4415","L","1",NA,"C","R","Rake","Hybrid","2",2017-06-21,"CC2","T1","Amsinckia intermedia","fiddleneck","AMIN","Native","Forb","A","U","1"
"4457","L","1",NA,"C","R","Rake","Hybrid","2",2017-06-21,"CC2","T1","Festuca microstachys","annual fescue","FEMI","Native","Grass","A","R","1"
"4469","L","1",NA,"C","R","Rake","Hybrid","2",2017-06-21,"CC2","T1","Hordeum depressum","alkali brome","HODE","Native","Grass","A","R","1"
"4520","L","1",NA,"C","R","Rake","Hybrid","2",2017-06-21,"CC2","T2","Amsinckia intermedia","fiddleneck","AMIN","Native","Forb","A","R","1"
"4569","L","1",NA,"C","R","Rake","Hybrid","2",2017-06-21,"CC2","T2","Grasses",NA,"GRASS",NA,"Grass","A/P","R","1"
"4574","L","1",NA,"C","R","Rake","Hybrid","2",2017-06-21,"CC2","T2","Hordeum depressum","alkali brome","HODE","Native","Grass","A","R","1"
"4625","L","1",NA,"C","R","Rake","Hybrid","2",2017-06-21,"CC2","U","Amsinckia intermedia","fiddleneck","AMIN","Native","Forb","A","R","1"
"4631","L","1",NA,"C","R","Rake","Hybrid","2",2017-06-21,"CC2","U","Atriplex prostrata","fat hen","ATPR","Weed","Forb","A","C","1"
"4665","L","1",NA,"C","R","Rake","Hybrid","2",2017-06-21,"CC2","U","Eschscholzia californica","California poppy","ESCA","Native","Forb","A/P","R","1"
"4674","L","1",NA,"C","R","Rake","Hybrid","2",2017-06-21,"CC2","U","Grasses",NA,"GRASS",NA,"Grass","A/P","R","1"
"4736","M","2",NA,"C","R","Straw","Compost","3",2017-06-21,"CC3","T1","Atriplex prostrata","fat hen","ATPR","Weed","Forb","A","C","3"
"4737","M","2",NA,"C","R","Straw","Compost","3",2017-06-21,"CC3","T1","Atriplex semibaccata","Australian saltbush","ATSE","Weed","Forb","P","R","1"
"4772","M","2",NA,"C","R","Straw","Compost","3",2017-06-21,"CC3","T1","Festuca microstachys","annual fescue","FEMI","Native","Grass","A","U","1"
"4784","M","2",NA,"C","R","Straw","Compost","3",2017-06-21,"CC3","T1","Hordeum depressum","alkali brome","HODE","Native","Grass","A","R","1"
"4795","M","2",NA,"C","R","Straw","Compost","3",2017-06-21,"CC3","T1","Limonium californicum","California sea lavender","LICA","Native","Forb","P","R","1"
"4841","M","3",NA,"C","R","Straw","Compost","3",2017-06-21,"CC3","T2","Atriplex prostrata","fat hen","ATPR","Weed","Forb","A","C","4"
"4877","M","3",NA,"C","R","Straw","Compost","3",2017-06-21,"CC3","T2","Festuca microstachys","annual fescue","FEMI","Native","Grass","A","R","2"
"4889","M","3",NA,"C","R","Straw","Compost","3",2017-06-21,"CC3","T2","Hordeum depressum","alkali brome","HODE","Native","Grass","A","R","2"
"4939","M","1",NA,"C","R","Straw","Compost","3",2017-06-21,"CC3","U","Ambrosia psilostachya","western ragweed","AMPS","Native","Forb","P","R","1"
"4940","M","1",NA,"C","R","Straw","Compost","3",2017-06-21,"CC3","U","Amsinckia intermedia","fiddleneck","AMIN","Native","Forb","A","C","1"
"4946","M","1",NA,"C","R","Straw","Compost","3",2017-06-21,"CC3","U","Atriplex prostrata","fat hen","ATPR","Weed","Forb","A","U","1"
"4982","M","1",NA,"C","R","Straw","Compost","3",2017-06-21,"CC3","U","Festuca microstachys","annual fescue","FEMI","Native","Grass","A","U","1"
"4990","M","1",NA,"C","R","Straw","Compost","3",2017-06-21,"CC3","U","Grindelia stricta","salt marsh gumplant","GRST","Native","Forb","P","R","1"
"4994","M","1",NA,"C","R","Straw","Compost","3",2017-06-21,"CC3","U","Hordeum depressum","alkali brome","HODE","Native","Grass","A","R","1"
"5040","M","1",NA,"C","R","Straw","Compost","3",2017-06-21,"CC3","U","Tetragonia tetragonioides","New Zealand spinach","TETE","Weed","Forb","A","R","1"
"5045","M","1",NA,"C","R","Rake","Organic","3",2017-06-21,"CC4","T1","Amsinckia intermedia","fiddleneck","AMIN","Native","Forb","A","R","1"
"5060","M","1",NA,"C","R","Rake","Organic","3",2017-06-21,"CC4","T1","Bromus hordeaceus","soft brome","BRHO","Weed","Grass","A","R","1"
"5067","M","1",NA,"C","R","Rake","Organic","3",2017-06-21,"CC4","T1","Centromadia pungens","common spikeweed","CEPU","Native","Forb","A","U","1"
"5081","M","1",NA,"C","R","Rake","Organic","3",2017-06-21,"CC4","T1","Eriogonum fasciculatum","California buckwheat","ERFA","Native","Forb","P","R","1"
"5085","M","1",NA,"C","R","Rake","Organic","3",2017-06-21,"CC4","T1","Eschscholzia californica","California poppy","ESCA","Native","Forb","A/P","R","1"
"5087","M","1",NA,"C","R","Rake","Organic","3",2017-06-21,"CC4","T1","Festuca microstachys","annual fescue","FEMI","Native","Grass","A","R","1"
"5095","M","1",NA,"C","R","Rake","Organic","3",2017-06-21,"CC4","T1","Grindelia stricta","salt marsh gumplant","GRST","Native","Forb","P","R","1"
"5099","M","1",NA,"C","R","Rake","Organic","3",2017-06-21,"CC4","T1","Hordeum depressum","alkali brome","HODE","Native","Grass","A","R","1"
"5119","M","1",NA,"C","R","Rake","Organic","3",2017-06-21,"CC4","T1","Mesembryanthemum nodiflorum","slenderleaf iceplant","MENO","Weed","Forb","A","C","1"
"5157","M","1",NA,"C","R","Rake","Organic","3",2017-06-21,"CC4","T2","Atriplex semibaccata","Australian saltbush","ATSE","Weed","Forb","P","R","1"
"5204","M","1",NA,"C","R","Rake","Organic","3",2017-06-21,"CC4","T2","Hordeum depressum","alkali brome","HODE","Native","Grass","A","R","1"
"5224","M","1",NA,"C","R","Rake","Organic","3",2017-06-21,"CC4","T2","Mesembryanthemum nodiflorum","slenderleaf iceplant","MENO","Weed","Forb","A","C","1"
"5255","M","1",NA,"C","R","Rake","Organic","3",2017-06-21,"CC4","U","Amsinckia intermedia","fiddleneck","AMIN","Native","Forb","A","R","1"
"5261","M","1",NA,"C","R","Rake","Organic","3",2017-06-21,"CC4","U","Atriplex prostrata","fat hen","ATPR","Weed","Forb","A","R","1"
"5297","M","1",NA,"C","R","Rake","Organic","3",2017-06-21,"CC4","U","Festuca microstachys","annual fescue","FEMI","Native","Grass","A","R","1"
"5329","M","1",NA,"C","R","Rake","Organic","3",2017-06-21,"CC4","U","Mesembryanthemum nodiflorum","slenderleaf iceplant","MENO","Weed","Forb","A","C","1"
"5359","M","4",NA,"C","R","Straw","Hybrid","3",2017-06-21,"CC5","T1","Ambrosia psilostachya","western ragweed","AMPS","Native","Forb","P","R","1"
"5360","M","4",NA,"C","R","Straw","Hybrid","3",2017-06-21,"CC5","T1","Amsinckia intermedia","fiddleneck","AMIN","Native","Forb","A","R","2"
"5366","M","4",NA,"C","R","Straw","Hybrid","3",2017-06-21,"CC5","T1","Atriplex prostrata","fat hen","ATPR","Weed","Forb","A","C","3"
"5400","M","4",NA,"C","R","Straw","Hybrid","3",2017-06-21,"CC5","T1","Eschscholzia californica","California poppy","ESCA","Native","Forb","A/P","R","1"
"5402","M","4",NA,"C","R","Straw","Hybrid","3",2017-06-21,"CC5","T1","Festuca microstachys","annual fescue","FEMI","Native","Grass","A","C","1"
"5414","M","4",NA,"C","R","Straw","Hybrid","3",2017-06-21,"CC5","T1","Hordeum depressum","alkali brome","HODE","Native","Grass","A","R","1"
"5434","M","4",NA,"C","R","Straw","Hybrid","3",2017-06-21,"CC5","T1","Mesembryanthemum nodiflorum","slenderleaf iceplant","MENO","Weed","Forb","A","R","1"
"5471","M","2",NA,"C","R","Straw","Hybrid","3",2017-06-21,"CC5","T2","Atriplex prostrata","fat hen","ATPR","Weed","Forb","A","C","3"
"5576","M","2",NA,"C","R","Straw","Hybrid","3",2017-06-21,"CC5","U","Atriplex prostrata","fat hen","ATPR","Weed","Forb","A","C","2"
"5612","M","2",NA,"C","R","Straw","Hybrid","3",2017-06-21,"CC5","U","Festuca microstachys","annual fescue","FEMI","Native","Grass","A","R","1"
"5624","M","2",NA,"C","R","Straw","Hybrid","3",2017-06-21,"CC5","U","Hordeum depressum","alkali brome","HODE","Native","Grass","A","R","1"
"5644","M","2",NA,"C","R","Straw","Hybrid","3",2017-06-21,"CC5","U","Mesembryanthemum nodiflorum","slenderleaf iceplant","MENO","Weed","Forb","A","U","1"
"5675","M","2",NA,"C","R","Rake","Compost","2",2017-06-21,"CC6","T1","Amsinckia intermedia","fiddleneck","AMIN","Native","Forb","A","R","1"
"5681","M","2",NA,"C","R","Rake","Compost","2",2017-06-21,"CC6","T1","Atriplex prostrata","fat hen","ATPR","Weed","Forb","A","C","2"
"5717","M","2",NA,"C","R","Rake","Compost","2",2017-06-21,"CC6","T1","Festuca microstachys","annual fescue","FEMI","Native","Grass","A","U","1"
"5729","M","2",NA,"C","R","Rake","Compost","2",2017-06-21,"CC6","T1","Hordeum depressum","alkali brome","HODE","Native","Grass","A","R","1"
"5737","M","2",NA,"C","R","Rake","Compost","2",2017-06-21,"CC6","T1","Lasthenia glabrata","yellowray goldfields","LAGL","Native","Forb","A","R","1"
"5749","M","2",NA,"C","R","Rake","Compost","2",2017-06-21,"CC6","T1","Mesembryanthemum nodiflorum","slenderleaf iceplant","MENO","Weed","Forb","A","R","1"
"5756","M","2",NA,"C","R","Rake","Compost","2",2017-06-21,"CC6","T1","Polypogon sp.","rabbitfoot grass","POLYsp","Weed","Grass","A/P","R","1"
"5775","M","2",NA,"C","R","Rake","Compost","2",2017-06-21,"CC6","T1","Tetragonia tetragonioides","New Zealand spinach","TETE","Weed","Forb","A","U","2"
"5786","M","3",NA,"C","R","Rake","Compost","2",2017-06-21,"CC6","T2","Atriplex prostrata","fat hen","ATPR","Weed","Forb","A","C","4"
"5787","M","3",NA,"C","R","Rake","Compost","2",2017-06-21,"CC6","T2","Atriplex semibaccata","Australian saltbush","ATSE","Weed","Forb","P","U","1"
"5822","M","3",NA,"C","R","Rake","Compost","2",2017-06-21,"CC6","T2","Festuca microstachys","annual fescue","FEMI","Native","Grass","A","U","1"
"5834","M","3",NA,"C","R","Rake","Compost","2",2017-06-21,"CC6","T2","Hordeum depressum","alkali brome","HODE","Native","Grass","A","R","1"
"5842","M","3",NA,"C","R","Rake","Compost","2",2017-06-21,"CC6","T2","Lasthenia glabrata","yellowray goldfields","LAGL","Native","Forb","A","R","1"
"5930","L","1",NA,"C","R","Rake","Compost","2",2017-06-21,"CC6","U","Frankenia salina","alkali heath","FRSA","Native","Forb","P","R","1"
"5935","L","1",NA,"C","R","Rake","Compost","2",2017-06-21,"CC6","U","Grindelia stricta","salt marsh gumplant","GRST","Native","Forb","P","R","1"
"5939","L","1",NA,"C","R","Rake","Compost","2",2017-06-21,"CC6","U","Hordeum depressum","alkali brome","HODE","Native","Grass","A","R","1"
"5947","L","1",NA,"C","R","Rake","Compost","2",2017-06-21,"CC6","U","Lasthenia glabrata","yellowray goldfields","LAGL","Native","Forb","A","R","1"
"5959","L","1",NA,"C","R","Rake","Compost","2",2017-06-21,"CC6","U","Mesembryanthemum nodiflorum","slenderleaf iceplant","MENO","Weed","Forb","A","U","1"
"5985","L","1",NA,"C","R","Rake","Compost","2",2017-06-21,"CC6","U","Tetragonia tetragonioides","New Zealand spinach","TETE","Weed","Forb","A","U","1"
"5996","L","1",NA,"C","R","Straw","Organic","2",2017-06-21,"CC7","T1","Atriplex prostrata","fat hen","ATPR","Weed","Forb","A","U","1"
"5997","L","1",NA,"C","R","Straw","Organic","2",2017-06-21,"CC7","T1","Atriplex semibaccata","Australian saltbush","ATSE","Weed","Forb","P","U","1"
"6030","L","1",NA,"C","R","Straw","Organic","2",2017-06-21,"CC7","T1","Eschscholzia californica","California poppy","ESCA","Native","Forb","A/P","R","1"
"6032","L","1",NA,"C","R","Straw","Organic","2",2017-06-21,"CC7","T1","Festuca microstachys","annual fescue","FEMI","Native","Grass","A","R","1"
"6035","L","1",NA,"C","R","Straw","Organic","2",2017-06-21,"CC7","T1","Frankenia salina","alkali heath","FRSA","Native","Forb","P","R","1"
"6039","L","1",NA,"C","R","Straw","Organic","2",2017-06-21,"CC7","T1","Grasses",NA,"GRASS",NA,"Grass","A/P","R","1"
"6044","L","1",NA,"C","R","Straw","Organic","2",2017-06-21,"CC7","T1","Hordeum depressum","alkali brome","HODE","Native","Grass","A","R","1"
"6077","L","1",NA,"C","R","Straw","Organic","2",2017-06-21,"CC7","T1","Salicornia pacifica","perennial pickleweed","SAPA","Native","Forb","P","R","1"
"6090","L","1",NA,"C","R","Straw","Organic","2",2017-06-21,"CC7","T1","Tetragonia tetragonioides","New Zealand spinach","TETE","Weed","Forb","A","C","1"
"6094","L","1",NA,"C","R","Straw","Organic","2",2017-06-21,"CC7","T2","Ambrosia psilostachya","western ragweed","AMPS","Native","Forb","P","R","1"
"6101","L","1",NA,"C","R","Straw","Organic","2",2017-06-21,"CC7","T2","Atriplex prostrata","fat hen","ATPR","Weed","Forb","A","U","1"
"6149","L","1",NA,"C","R","Straw","Organic","2",2017-06-21,"CC7","T2","Hordeum depressum","alkali brome","HODE","Native","Grass","A","R","1"
"6206","L","2",NA,"C","R","Straw","Organic","2",2017-06-21,"CC7","U","Atriplex prostrata","fat hen","ATPR","Weed","Forb","A","C","2"
"6240","L","2",NA,"C","R","Straw","Organic","2",2017-06-21,"CC7","U","Eschscholzia californica","California poppy","ESCA","Native","Forb","A/P","R","1"
"6262","L","2",NA,"C","R","Straw","Organic","2",2017-06-21,"CC7","U","Lasthenia glabrata","yellowray goldfields","LAGL","Native","Forb","A","R","1"
"6274","L","2",NA,"C","R","Straw","Organic","2",2017-06-21,"CC7","U","Mesembryanthemum nodiflorum","slenderleaf iceplant","MENO","Weed","Forb","A","R","1"
"6311","M","4",NA,"C","R","Rake","Compost","3",2017-06-22,"AS01","T1","Atriplex prostrata","fat hen","ATPR","Weed","Forb","A","C","3"
"6416","M","2",NA,"C","R","Rake","Compost","3",2017-06-22,"AS01","T2","Atriplex prostrata","fat hen","ATPR","Weed","Forb","A","C","2"
"6450","M","2",NA,"C","R","Rake","Compost","3",2017-06-22,"AS01","T2","Eschscholzia californica","California poppy","ESCA","Native","Forb","A/P","R","1"
"6452","M","2",NA,"C","R","Rake","Compost","3",2017-06-22,"AS01","T2","Festuca microstachys","annual fescue","FEMI","Native","Grass","A","R","1"
"6464","M","2",NA,"C","R","Rake","Compost","3",2017-06-22,"AS01","T2","Hordeum depressum","alkali brome","HODE","Native","Grass","A","R","1"
"6472","M","2",NA,"C","R","Rake","Compost","3",2017-06-22,"AS01","T2","Lasthenia glabrata","yellowray goldfields","LAGL","Native","Forb","A","R","1"
"6484","M","2",NA,"C","R","Rake","Compost","3",2017-06-22,"AS01","T2","Mesembryanthemum nodiflorum","slenderleaf iceplant","MENO","Weed","Forb","A","U","1"
"6521","L","1",NA,"C","R","Rake","Compost","3",2017-06-22,"AS01","U","Atriplex prostrata","fat hen","ATPR","Weed","Forb","A","R","1"
"6555","L","1",NA,"C","R","Rake","Compost","3",2017-06-22,"AS01","U","Eschscholzia californica","California poppy","ESCA","Native","Forb","A/P","R","1"
"6557","L","1",NA,"C","R","Rake","Compost","3",2017-06-22,"AS01","U","Festuca microstachys","annual fescue","FEMI","Native","Grass","A","R","1"
"6565","L","1",NA,"C","R","Rake","Compost","3",2017-06-22,"AS01","U","Grindelia stricta","salt marsh gumplant","GRST","Native","Forb","P","R","1"
"6569","L","1",NA,"C","R","Rake","Compost","3",2017-06-22,"AS01","U","Hordeum depressum","alkali brome","HODE","Native","Grass","A","R","1"
"6577","L","1",NA,"C","R","Rake","Compost","3",2017-06-22,"AS01","U","Lasthenia glabrata","yellowray goldfields","LAGL","Native","Forb","A","R","1"
"6589","L","1",NA,"C","R","Rake","Compost","3",2017-06-22,"AS01","U","Mesembryanthemum nodiflorum","slenderleaf iceplant","MENO","Weed","Forb","A","U","1"
"6615","L","1",NA,"C","R","Rake","Compost","3",2017-06-22,"AS01","U","Tetragonia tetragonioides","New Zealand spinach","TETE","Weed","Forb","A","C","1"
"6619","M","1",NA,"C","R","Straw","Hybrid","2",2017-06-22,"AS02","T1","Ambrosia psilostachya","western ragweed","AMPS","Native","Forb","P","R","1"
"6626","M","1",NA,"C","R","Straw","Hybrid","2",2017-06-22,"AS02","T1","Atriplex prostrata","fat hen","ATPR","Weed","Forb","A","U","1"
"6660","M","1",NA,"C","R","Straw","Hybrid","2",2017-06-22,"AS02","T1","Eschscholzia californica","California poppy","ESCA","Native","Forb","A/P","R","1"
"6662","M","1",NA,"C","R","Straw","Hybrid","2",2017-06-22,"AS02","T1","Festuca microstachys","annual fescue","FEMI","Native","Grass","A","R","1"
"6670","M","1",NA,"C","R","Straw","Hybrid","2",2017-06-22,"AS02","T1","Grindelia stricta","salt marsh gumplant","GRST","Native","Forb","P","R","1"
"6674","M","1",NA,"C","R","Straw","Hybrid","2",2017-06-22,"AS02","T1","Hordeum depressum","alkali brome","HODE","Native","Grass","A","R","1"
"6682","M","1",NA,"C","R","Straw","Hybrid","2",2017-06-22,"AS02","T1","Lasthenia glabrata","yellowray goldfields","LAGL","Native","Forb","A","R","1"
"6694","M","1",NA,"C","R","Straw","Hybrid","2",2017-06-22,"AS02","T1","Mesembryanthemum nodiflorum","slenderleaf iceplant","MENO","Weed","Forb","A","C","1"
"6731","L","2",NA,"C","R","Straw","Hybrid","2",2017-06-22,"AS02","T2","Atriplex prostrata","fat hen","ATPR","Weed","Forb","A","C","1"
"6767","L","2",NA,"C","R","Straw","Hybrid","2",2017-06-22,"AS02","T2","Festuca microstachys","annual fescue","FEMI","Native","Grass","A","R","1"
"6779","L","2",NA,"C","R","Straw","Hybrid","2",2017-06-22,"AS02","T2","Hordeum depressum","alkali brome","HODE","Native","Grass","A","R","1"
"6787","L","2",NA,"C","R","Straw","Hybrid","2",2017-06-22,"AS02","T2","Lasthenia glabrata","yellowray goldfields","LAGL","Native","Forb","A","R","1"
"6799","L","2",NA,"C","R","Straw","Hybrid","2",2017-06-22,"AS02","T2","Mesembryanthemum nodiflorum","slenderleaf iceplant","MENO","Weed","Forb","A","C","1"
"6836","L","1",NA,"C","R","Straw","Hybrid","2",2017-06-22,"AS02","U","Atriplex prostrata","fat hen","ATPR","Weed","Forb","A","C","1"
"6837","L","1",NA,"C","R","Straw","Hybrid","2",2017-06-22,"AS02","U","Atriplex semibaccata","Australian saltbush","ATSE","Weed","Forb","P","R","1"
"6870","L","1",NA,"C","R","Straw","Hybrid","2",2017-06-22,"AS02","U","Eschscholzia californica","California poppy","ESCA","Native","Forb","A/P","R","1"
"6872","L","1",NA,"C","R","Straw","Hybrid","2",2017-06-22,"AS02","U","Festuca microstachys","annual fescue","FEMI","Native","Grass","A","R","1"
"6884","L","1",NA,"C","R","Straw","Hybrid","2",2017-06-22,"AS02","U","Hordeum depressum","alkali brome","HODE","Native","Grass","A","R","1"
"6934","M","3",NA,"C","R","Rake","Organic","3",2017-06-22,"AS03","T1","Ambrosia psilostachya","western ragweed","AMPS","Native","Forb","P","R","1"
"6941","M","3",NA,"C","R","Rake","Organic","3",2017-06-22,"AS03","T1","Atriplex prostrata","fat hen","ATPR","Weed","Forb","A","C","2"
"6975","M","3",NA,"C","R","Rake","Organic","3",2017-06-22,"AS03","T1","Eschscholzia californica","California poppy","ESCA","Native","Forb","A/P","U","1"
"6977","M","3",NA,"C","R","Rake","Organic","3",2017-06-22,"AS03","T1","Festuca microstachys","annual fescue","FEMI","Native","Grass","A","R","1"
"6989","M","3",NA,"C","R","Rake","Organic","3",2017-06-22,"AS03","T1","Hordeum depressum","alkali brome","HODE","Native","Grass","A","R","1"
"6997","M","3",NA,"C","R","Rake","Organic","3",2017-06-22,"AS03","T1","Lasthenia glabrata","yellowray goldfields","LAGL","Native","Forb","A","R","1"
"7009","M","3",NA,"C","R","Rake","Organic","3",2017-06-22,"AS03","T1","Mesembryanthemum nodiflorum","slenderleaf iceplant","MENO","Weed","Forb","A","R","1"
"7035","M","3",NA,"C","R","Rake","Organic","3",2017-06-22,"AS03","T1","Tetragonia tetragonioides","New Zealand spinach","TETE","Weed","Forb","A","U","1"
"7039","M","2",NA,"C","R","Rake","Organic","3",2017-06-22,"AS03","T2","Ambrosia psilostachya","western ragweed","AMPS","Native","Forb","P","R","1"
"7046","M","2",NA,"C","R","Rake","Organic","3",2017-06-22,"AS03","T2","Atriplex prostrata","fat hen","ATPR","Weed","Forb","A","C","2"
"7076","M","2",NA,"C","R","Rake","Organic","3",2017-06-22,"AS03","T2","Eriogonum fasciculatum","California buckwheat","ERFA","Native","Forb","P","R","1"
"7080","M","2",NA,"C","R","Rake","Organic","3",2017-06-22,"AS03","T2","Eschscholzia californica","California poppy","ESCA","Native","Forb","A/P","R","1"
"7082","M","2",NA,"C","R","Rake","Organic","3",2017-06-22,"AS03","T2","Festuca microstachys","annual fescue","FEMI","Native","Grass","A","R","1"
"7094","M","2",NA,"C","R","Rake","Organic","3",2017-06-22,"AS03","T2","Hordeum depressum","alkali brome","HODE","Native","Grass","A","R","1"
"7102","M","2",NA,"C","R","Rake","Organic","3",2017-06-22,"AS03","T2","Lasthenia glabrata","yellowray goldfields","LAGL","Native","Forb","A","R","1"
"7114","M","2",NA,"C","R","Rake","Organic","3",2017-06-22,"AS03","T2","Mesembryanthemum nodiflorum","slenderleaf iceplant","MENO","Weed","Forb","A","U","1"
"7140","M","2",NA,"C","R","Rake","Organic","3",2017-06-22,"AS03","T2","Tetragonia tetragonioides","New Zealand spinach","TETE","Weed","Forb","A","R","1"
"7151","L","1",NA,"C","R","Rake","Organic","3",2017-06-22,"AS03","U","Atriplex prostrata","fat hen","ATPR","Weed","Forb","A","C","1"
"7185","L","1",NA,"C","R","Rake","Organic","3",2017-06-22,"AS03","U","Eschscholzia californica","California poppy","ESCA","Native","Forb","A/P","U","1"
"7187","L","1",NA,"C","R","Rake","Organic","3",2017-06-22,"AS03","U","Festuca microstachys","annual fescue","FEMI","Native","Grass","A","U","1"
"7195","L","1",NA,"C","R","Rake","Organic","3",2017-06-22,"AS03","U","Grindelia stricta","salt marsh gumplant","GRST","Native","Forb","P","R","1"
"7199","L","1",NA,"C","R","Rake","Organic","3",2017-06-22,"AS03","U","Hordeum depressum","alkali brome","HODE","Native","Grass","A","R","1"
"7207","L","1",NA,"C","R","Rake","Organic","3",2017-06-22,"AS03","U","Lasthenia glabrata","yellowray goldfields","LAGL","Native","Forb","A","R","1"
"7256","L","2",NA,"C","R","Straw","Hybrid","1",2017-06-22,"AS04","T1","Atriplex prostrata","fat hen","ATPR","Weed","Forb","A","C","4"
"7290","L","2",NA,"C","R","Straw","Hybrid","1",2017-06-22,"AS04","T1","Eschscholzia californica","California poppy","ESCA","Native","Forb","A/P","R","1"
"7292","L","2",NA,"C","R","Straw","Hybrid","1",2017-06-22,"AS04","T1","Festuca microstachys","annual fescue","FEMI","Native","Grass","A","U","1"
"7304","L","2",NA,"C","R","Straw","Hybrid","1",2017-06-22,"AS04","T1","Hordeum depressum","alkali brome","HODE","Native","Grass","A","R","1"
"7361","L","2",NA,"C","R","Straw","Hybrid","1",2017-06-22,"AS04","T2","Atriplex prostrata","fat hen","ATPR","Weed","Forb","A","C","3"
"7397","L","2",NA,"C","R","Straw","Hybrid","1",2017-06-22,"AS04","T2","Festuca microstachys","annual fescue","FEMI","Native","Grass","A","R","1"
"7409","L","2",NA,"C","R","Straw","Hybrid","1",2017-06-22,"AS04","T2","Hordeum depressum","alkali brome","HODE","Native","Grass","A","R","1"
"7417","L","2",NA,"C","R","Straw","Hybrid","1",2017-06-22,"AS04","T2","Lasthenia glabrata","yellowray goldfields","LAGL","Native","Forb","A","R","1"
"7429","L","2",NA,"C","R","Straw","Hybrid","1",2017-06-22,"AS04","T2","Mesembryanthemum nodiflorum","slenderleaf iceplant","MENO","Weed","Forb","A","U","1"
"7449","L","2",NA,"C","R","Straw","Hybrid","1",2017-06-22,"AS04","T2","Spergularia marina","salt marsh sand spurry","SPMA","Native","Forb","A","R","1"
"7455","L","2",NA,"C","R","Straw","Hybrid","1",2017-06-22,"AS04","T2","Tetragonia tetragonioides","New Zealand spinach","TETE","Weed","Forb","A","U","1"
"7466","M","3",NA,"C","R","Straw","Hybrid","1",2017-06-22,"AS04","U","Atriplex prostrata","fat hen","ATPR","Weed","Forb","A","C","4"
"7500","M","3",NA,"C","R","Straw","Hybrid","1",2017-06-22,"AS04","U","Eschscholzia californica","California poppy","ESCA","Native","Forb","A/P","R","1"
"7502","M","3",NA,"C","R","Straw","Hybrid","1",2017-06-22,"AS04","U","Festuca microstachys","annual fescue","FEMI","Native","Grass","A","R","1"
"7522","M","3",NA,"C","R","Straw","Hybrid","1",2017-06-22,"AS04","U","Lasthenia glabrata","yellowray goldfields","LAGL","Native","Forb","A","R","1"
"7571","M","2",NA,"C","R","Rake","Hybrid","1",2017-06-22,"AS05","T1","Atriplex prostrata","fat hen","ATPR","Weed","Forb","A","C","2"
"7595","M","2",NA,"C","R","Rake","Hybrid","1",2017-06-22,"AS05","T1","Distichlis spicata","saltgrass","DISP","Native","Grass","P","R","2"
"7639","M","2",NA,"C","R","Rake","Hybrid","1",2017-06-22,"AS05","T1","Mesembryanthemum nodiflorum","slenderleaf iceplant","MENO","Weed","Forb","A","C","1"
"7665","M","2",NA,"C","R","Rake","Hybrid","1",2017-06-22,"AS05","T1","Tetragonia tetragonioides","New Zealand spinach","TETE","Weed","Forb","A","R","1"
"7676","M","3",NA,"C","R","Rake","Hybrid","1",2017-06-22,"AS05","T2","Atriplex prostrata","fat hen","ATPR","Weed","Forb","A","C","4"
"7712","M","3",NA,"C","R","Rake","Hybrid","1",2017-06-22,"AS05","T2","Festuca microstachys","annual fescue","FEMI","Native","Grass","A","R","1"
"7744","M","3",NA,"C","R","Rake","Hybrid","1",2017-06-22,"AS05","T2","Mesembryanthemum nodiflorum","slenderleaf iceplant","MENO","Weed","Forb","A","C","1"
"7781","M","3",NA,"C","R","Rake","Hybrid","1",2017-06-22,"AS05","U","Atriplex prostrata","fat hen","ATPR","Weed","Forb","A","C","3"
"7815","M","3",NA,"C","R","Rake","Hybrid","1",2017-06-22,"AS05","U","Eschscholzia californica","California poppy","ESCA","Native","Forb","A/P","U","1"
"7817","M","3",NA,"C","R","Rake","Hybrid","1",2017-06-22,"AS05","U","Festuca microstachys","annual fescue","FEMI","Native","Grass","A","R","1"
"7837","M","3",NA,"C","R","Rake","Hybrid","1",2017-06-22,"AS05","U","Lasthenia glabrata","yellowray goldfields","LAGL","Native","Forb","A","R","1"
"7849","M","3",NA,"C","R","Rake","Hybrid","1",2017-06-22,"AS05","U","Mesembryanthemum nodiflorum","slenderleaf iceplant","MENO","Weed","Forb","A","U","1"
"7886","L","2",NA,"C","R","Straw","Organic","3",2017-06-22,"AS06","T1","Atriplex prostrata","fat hen","ATPR","Weed","Forb","A","U","1"
"7920","L","2",NA,"C","R","Straw","Organic","3",2017-06-22,"AS06","T1","Eschscholzia californica","California poppy","ESCA","Native","Forb","A/P","R","1"
"7922","L","2",NA,"C","R","Straw","Organic","3",2017-06-22,"AS06","T1","Festuca microstachys","annual fescue","FEMI","Native","Grass","A","R","1"
"7934","L","2",NA,"C","R","Straw","Organic","3",2017-06-22,"AS06","T1","Hordeum depressum","alkali brome","HODE","Native","Grass","A","R","1"
"7954","L","2",NA,"C","R","Straw","Organic","3",2017-06-22,"AS06","T1","Mesembryanthemum nodiflorum","slenderleaf iceplant","MENO","Weed","Forb","A","C","1"
"7991","L","1",NA,"C","R","Straw","Organic","3",2017-06-22,"AS06","T2","Atriplex prostrata","fat hen","ATPR","Weed","Forb","A","C","1"
"8025","L","1",NA,"C","R","Straw","Organic","3",2017-06-22,"AS06","T2","Eschscholzia californica","California poppy","ESCA","Native","Forb","A/P","R","1"
"8039","L","1",NA,"C","R","Straw","Organic","3",2017-06-22,"AS06","T2","Hordeum depressum","alkali brome","HODE","Native","Grass","A","R","1"
"8047","L","1",NA,"C","R","Straw","Organic","3",2017-06-22,"AS06","T2","Lasthenia glabrata","yellowray goldfields","LAGL","Native","Forb","A","R","1"
"8085","L","1",NA,"C","R","Straw","Organic","3",2017-06-22,"AS06","T2","Tetragonia tetragonioides","New Zealand spinach","TETE","Weed","Forb","A","R","1"
"8090","L","1",NA,"C","R","Straw","Organic","3",2017-06-22,"AS06","U","Amsinckia intermedia","fiddleneck","AMIN","Native","Forb","A","R","1"
"8130","L","1",NA,"C","R","Straw","Organic","3",2017-06-22,"AS06","U","Eschscholzia californica","California poppy","ESCA","Native","Forb","A/P","U","1"
"8132","L","1",NA,"C","R","Straw","Organic","3",2017-06-22,"AS06","U","Festuca microstachys","annual fescue","FEMI","Native","Grass","A","R","1"
"8139","L","1",NA,"C","R","Straw","Organic","3",2017-06-22,"AS06","U","Grasses",NA,"GRASS",NA,"Grass","A/P","R","1"
"8140","L","1",NA,"C","R","Straw","Organic","3",2017-06-22,"AS06","U","Grindelia stricta","salt marsh gumplant","GRST","Native","Forb","P","R","1"
"8144","L","1",NA,"C","R","Straw","Organic","3",2017-06-22,"AS06","U","Hordeum depressum","alkali brome","HODE","Native","Grass","A","R","1"
"8201","M","3",NA,"C","R","Rake","Compost","1",2017-06-22,"AS07","T1","Atriplex prostrata","fat hen","ATPR","Weed","Forb","A","C","4"
"8249","M","3",NA,"C","R","Rake","Compost","1",2017-06-22,"AS07","T1","Hordeum depressum","alkali brome","HODE","Native","Grass","A","R","1"
"8257","M","3",NA,"C","R","Rake","Compost","1",2017-06-22,"AS07","T1","Lasthenia glabrata","yellowray goldfields","LAGL","Native","Forb","A","R","1"
"8306","M","3",NA,"C","R","Rake","Compost","1",2017-06-22,"AS07","T2","Atriplex prostrata","fat hen","ATPR","Weed","Forb","A","C","2"
"8342","M","3",NA,"C","R","Rake","Compost","1",2017-06-22,"AS07","T2","Festuca microstachys","annual fescue","FEMI","Native","Grass","A","R","1"
"8345","M","3",NA,"C","R","Rake","Compost","1",2017-06-22,"AS07","T2","Frankenia salina","alkali heath","FRSA","Native","Forb","P","R","1"
"8354","M","3",NA,"C","R","Rake","Compost","1",2017-06-22,"AS07","T2","Hordeum depressum","alkali brome","HODE","Native","Grass","A","R","1"
"8362","M","3",NA,"C","R","Rake","Compost","1",2017-06-22,"AS07","T2","Lasthenia glabrata","yellowray goldfields","LAGL","Native","Forb","A","U","1"
"8374","M","3",NA,"C","R","Rake","Compost","1",2017-06-22,"AS07","T2","Mesembryanthemum nodiflorum","slenderleaf iceplant","MENO","Weed","Forb","A","C","1"
"8397","M","3",NA,"C","R","Rake","Compost","1",2017-06-22,"AS07","T2","Suaeda nigra","inkweed","SUNI","Native","Forb","P","R","1"
"8411","L","1",NA,"C","R","Rake","Compost","1",2017-06-22,"AS07","U","Atriplex prostrata","fat hen","ATPR","Weed","Forb","A","U","1"
"8454","L","1",NA,"C","R","Rake","Compost","1",2017-06-22,"AS07","U","Grasses",NA,"GRASS",NA,"Grass","A/P","R","1"
"8459","L","1",NA,"C","R","Rake","Compost","1",2017-06-22,"AS07","U","Hordeum depressum","alkali brome","HODE","Native","Grass","A","R","1"
"8467","L","1",NA,"C","R","Rake","Compost","1",2017-06-22,"AS07","U","Lasthenia glabrata","yellowray goldfields","LAGL","Native","Forb","A","R","1"
"8483","L","1",NA,"C","R","Rake","Compost","1",2017-06-22,"AS07","U","Pickleweed sp.","pickleweed","PICKsp","Native","Forb",NA,"R","1"
"8516","M","1",NA,"C","R","Straw","Hybrid","3",2017-06-22,"AS08","T1","Atriplex prostrata","fat hen","ATPR","Weed","Forb","A","C","1"
"8552","M","1",NA,"C","R","Straw","Hybrid","3",2017-06-22,"AS08","T1","Festuca microstachys","annual fescue","FEMI","Native","Grass","A","R","1"
"8564","M","1",NA,"C","R","Straw","Hybrid","3",2017-06-22,"AS08","T1","Hordeum depressum","alkali brome","HODE","Native","Grass","A","R","1"
"8584","M","1",NA,"C","R","Straw","Hybrid","3",2017-06-22,"AS08","T1","Mesembryanthemum nodiflorum","slenderleaf iceplant","MENO","Weed","Forb","A","U","1"
"8610","M","1",NA,"C","R","Straw","Hybrid","3",2017-06-22,"AS08","T1","Tetragonia tetragonioides","New Zealand spinach","TETE","Weed","Forb","A","U","1"
"8621","M","2",NA,"C","R","Straw","Hybrid","3",2017-06-22,"AS08","T2","Atriplex prostrata","fat hen","ATPR","Weed","Forb","A","C","2"
"8655","M","2",NA,"C","R","Straw","Hybrid","3",2017-06-22,"AS08","T2","Eschscholzia californica","California poppy","ESCA","Native","Forb","A/P","R","1"
"8657","M","2",NA,"C","R","Straw","Hybrid","3",2017-06-22,"AS08","T2","Festuca microstachys","annual fescue","FEMI","Native","Grass","A","R","1"
"8669","M","2",NA,"C","R","Straw","Hybrid","3",2017-06-22,"AS08","T2","Hordeum depressum","alkali brome","HODE","Native","Grass","A","R","1"
"8689","M","2",NA,"C","R","Straw","Hybrid","3",2017-06-22,"AS08","T2","Mesembryanthemum nodiflorum","slenderleaf iceplant","MENO","Weed","Forb","A","C","1"
"8726","L","1",NA,"C","R","Straw","Hybrid","3",2017-06-22,"AS08","U","Atriplex prostrata","fat hen","ATPR","Weed","Forb","A","C","1"
"8865","M","1",NA,"C","R","Rake","Organic","2",2017-06-22,"AS09","T1","Eschscholzia californica","California poppy","ESCA","Native","Forb","A/P","R","1"
"8879","M","1",NA,"C","R","Rake","Organic","2",2017-06-22,"AS09","T1","Hordeum depressum","alkali brome","HODE","Native","Grass","A","R","1"
"8925","M","1",NA,"C","R","Rake","Organic","2",2017-06-22,"AS09","T1","Tetragonia tetragonioides","New Zealand spinach","TETE","Weed","Forb","A","U","1"
"8936","M","1",NA,"C","R","Rake","Organic","2",2017-06-22,"AS09","T2","Atriplex prostrata","fat hen","ATPR","Weed","Forb","A","U","1"
"8970","M","1",NA,"C","R","Rake","Organic","2",2017-06-22,"AS09","T2","Eschscholzia californica","California poppy","ESCA","Native","Forb","A/P","U","1"
"8979","M","1",NA,"C","R","Rake","Organic","2",2017-06-22,"AS09","T2","Grasses",NA,"GRASS",NA,"Grass","A/P","R","1"
"8984","M","1",NA,"C","R","Rake","Organic","2",2017-06-22,"AS09","T2","Hordeum depressum","alkali brome","HODE","Native","Grass","A","U","1"
"9004","M","1",NA,"C","R","Rake","Organic","2",2017-06-22,"AS09","T2","Mesembryanthemum nodiflorum","slenderleaf iceplant","MENO","Weed","Forb","A","C","1"
"9041","M","1",NA,"C","R","Rake","Organic","2",2017-06-22,"AS09","U","Atriplex prostrata","fat hen","ATPR","Weed","Forb","A","R","1"
"9075","M","1",NA,"C","R","Rake","Organic","2",2017-06-22,"AS09","U","Eschscholzia californica","California poppy","ESCA","Native","Forb","A/P","U","1"
"9089","M","1",NA,"C","R","Rake","Organic","2",2017-06-22,"AS09","U","Hordeum depressum","alkali brome","HODE","Native","Grass","A","R","1"
"9109","M","1",NA,"C","R","Rake","Organic","2",2017-06-22,"AS09","U","Mesembryanthemum nodiflorum","slenderleaf iceplant","MENO","Weed","Forb","A","C","1"
"9146","L","1",NA,"C","R","Straw","Hybrid","3",2017-06-22,"CC1","Q1","Atriplex prostrata","fat hen","ATPR","Weed","Forb","A","C","1"
"9180","L","1",NA,"C","R","Straw","Hybrid","3",2017-06-22,"CC1","Q1","Eschscholzia californica","California poppy","ESCA","Native","Forb","A/P","R","1"
"9182","L","1",NA,"C","R","Straw","Hybrid","3",2017-06-22,"CC1","Q1","Festuca microstachys","annual fescue","FEMI","Native","Grass","A","R","1"
"9189","L","1",NA,"C","R","Straw","Hybrid","3",2017-06-22,"CC1","Q1","Grasses",NA,"GRASS",NA,"Grass","A/P","R","1"
"9251","L","1",NA,"C","R","Straw","Hybrid","3",2017-06-22,"CC1","T1","Atriplex prostrata","fat hen","ATPR","Weed","Forb","A","R","1"
"9350","L","1",NA,"C","R","Straw","Hybrid","3",2017-06-22,"CC1","T2","Amsinckia intermedia","fiddleneck","AMIN","Native","Forb","A","R","1"
"9390","L","1",NA,"C","R","Straw","Hybrid","3",2017-06-22,"CC1","T2","Eschscholzia californica","California poppy","ESCA","Native","Forb","A/P","R","1"
"9392","L","1",NA,"C","R","Straw","Hybrid","3",2017-06-22,"CC1","T2","Festuca microstachys","annual fescue","FEMI","Native","Grass","A","R","1"
"9404","L","1",NA,"C","R","Straw","Hybrid","3",2017-06-22,"CC1","T2","Hordeum depressum","alkali brome","HODE","Native","Grass","A","U","1"
"9461","L","1",NA,"C","R","Hydro","Compost","3",2017-06-22,"ET1","Q1","Atriplex prostrata","fat hen","ATPR","Weed","Forb","A","C","1"
"9566","L","1",NA,"C","R","Hydro","Compost","3",2017-06-22,"ET1","Q2","Atriplex prostrata","fat hen","ATPR","Weed","Forb","A","R","1"
"9671","L","1",NA,"C","R","Hydro","Compost","3",2017-06-22,"ET2","Q1","Atriplex prostrata","fat hen","ATPR","Weed","Forb","A","C","1"
"9857","L","1",NA,"C","R","Hydro","Compost","3",2017-06-22,"ET2","Q2","Salicornia pacifica","perennial pickleweed","SAPA","Native","Forb","P","R","1"
"9986","L","1",NA,"C","R","Hydro","Compost","3",2017-06-22,"ET3","Q2","Atriplex prostrata","fat hen","ATPR","Weed","Forb","A","U","1"
"9987","L","1",NA,"C","R","Hydro","Compost","3",2017-06-22,"ET3","Q2","Atriplex semibaccata","Australian saltbush","ATSE","Weed","Forb","P","C","1"
"10025","L","1",NA,"C","R","Hydro","Compost","3",2017-06-22,"ET3","Q2","Frankenia salina","alkali heath","FRSA","Native","Forb","P","R","1"
"10029","L","1",NA,"C","R","Hydro","Compost","3",2017-06-22,"ET3","Q2","Grasses",NA,"GRASS",NA,"Grass","A/P","R","1"
"10042","L","1",NA,"C","R","Hydro","Compost","3",2017-06-22,"ET3","Q2","Lasthenia glabrata","yellowray goldfields","LAGL","Native","Forb","A","R","1"
"10074","L","1",NA,"C","R","Hydro","Compost","3",2017-06-22,"ET3","Q2","Spergularia marina","salt marsh sand spurry","SPMA","Native","Forb","A","R","1"
"10091","L","1",NA,"C","R","Hydro","Compost","3",2017-06-22,"ET4","Q1","Atriplex prostrata","fat hen","ATPR","Weed","Forb","A","C","1"
"10134","L","1",NA,"C","R","Hydro","Compost","3",2017-06-22,"ET4","Q1","Grasses",NA,"GRASS",NA,"Grass","A/P","R","1"
"10196","M","2",NA,"C","R","Hydro","Compost","3",2017-06-22,"ET4","Q2","Atriplex prostrata","fat hen","ATPR","Weed","Forb","A","C","2"
"10235","M","2",NA,"C","R","Hydro","Compost","3",2017-06-22,"ET4","Q2","Frankenia salina","alkali heath","FRSA","Native","Forb","P","R","1"
"10239","M","2",NA,"C","R","Hydro","Compost","3",2017-06-22,"ET4","Q2","Grasses",NA,"GRASS",NA,"Grass","A/P","R","1"
"10252","M","2",NA,"C","R","Hydro","Compost","3",2017-06-22,"ET4","Q2","Lasthenia glabrata","yellowray goldfields","LAGL","Native","Forb","A","R","1"
"10264","M","2",NA,"C","R","Hydro","Compost","3",2017-06-22,"ET4","Q2","Mesembryanthemum nodiflorum","slenderleaf iceplant","MENO","Weed","Forb","A","U","1"
"10317","S","1",NA,"C","R","Hydro","Organic","3",2017-06-22,"FS1A","Q1","Centromadia pungens","common spikeweed","CEPU","Native","Forb","A","R","1"
"10345","S","1",NA,"C","R","Hydro","Organic","3",2017-06-22,"FS1A","Q1","Grindelia stricta","salt marsh gumplant","GRST","Native","Forb","P","R","1"
"10357","S","1",NA,"C","R","Hydro","Organic","3",2017-06-22,"FS1A","Q1","Lasthenia glabrata","yellowray goldfields","LAGL","Native","Forb","A","R","1"
"10474","S","1",NA,"C","R","Hydro","Organic","3",2017-06-22,"FS1B","Q1","Mesembryanthemum nodiflorum","slenderleaf iceplant","MENO","Weed","Forb","A","R","1"
"10511","L","1",NA,"C","R","Hydro","Hybrid","2",2017-06-22,"FS2A","Q1","Atriplex prostrata","fat hen","ATPR","Weed","Forb","A","U","1"
"10527","L","1",NA,"C","R","Hydro","Hybrid","2",2017-06-22,"FS2A","Q1","Centromadia pungens","common spikeweed","CEPU","Native","Forb","A","R","2"
"10545","L","1",NA,"C","R","Hydro","Hybrid","2",2017-06-22,"FS2A","Q1","Eschscholzia californica","California poppy","ESCA","Native","Forb","A/P","U","1"
"10555","L","1",NA,"C","R","Hydro","Hybrid","2",2017-06-22,"FS2A","Q1","Grindelia stricta","salt marsh gumplant","GRST","Native","Forb","P","R","1"
"10609","S","1",NA,"C","R","Hydro","Hybrid","2",2017-06-22,"FS2B","Q1","Ambrosia psilostachya","western ragweed","AMPS","Native","Forb","P","R","1"
"10652","S","1",NA,"C","R","Hydro","Hybrid","2",2017-06-22,"FS2B","Q1","Festuca microstachys","annual fescue","FEMI","Native","Grass","A","R","1"
"10719","L","1",NA,"C","R","Hydro","Organic","2",2017-06-22,"RS1","Q1","Artemisia douglasiana","mugwort","ARDO","Native","Forb","P","R","1"
"10721","L","1",NA,"C","R","Hydro","Organic","2",2017-06-22,"RS1","Q1","Atriplex prostrata","fat hen","ATPR","Weed","Forb","A","U","1"
"10757","L","1",NA,"C","R","Hydro","Organic","2",2017-06-22,"RS1","Q1","Festuca microstachys","annual fescue","FEMI","Native","Grass","A","R","1"
"10765","L","1",NA,"C","R","Hydro","Organic","2",2017-06-22,"RS1","Q1","Grindelia stricta","salt marsh gumplant","GRST","Native","Forb","P","R","1"
"10769","L","1",NA,"C","R","Hydro","Organic","2",2017-06-22,"RS1","Q1","Hordeum depressum","alkali brome","HODE","Native","Grass","A","R","1"
"10777","L","1",NA,"C","R","Hydro","Organic","2",2017-06-22,"RS1","Q1","Lasthenia glabrata","yellowray goldfields","LAGL","Native","Forb","A","U","1"
"10826","L","1",NA,"C","R","Hydro","Organic","2",2017-06-22,"RS1","Q2","Atriplex prostrata","fat hen","ATPR","Weed","Forb","A","C","1"
"10842","L","1",NA,"C","R","Hydro","Organic","2",2017-06-22,"RS1","Q2","Centromadia pungens","common spikeweed","CEPU","Native","Forb","A","R","1"
"10870","L","1",NA,"C","R","Hydro","Organic","2",2017-06-22,"RS1","Q2","Grindelia stricta","salt marsh gumplant","GRST","Native","Forb","P","R","1"
"10874","L","1",NA,"C","R","Hydro","Organic","2",2017-06-22,"RS1","Q2","Hordeum depressum","alkali brome","HODE","Native","Grass","A","R","1"
"10882","L","1",NA,"C","R","Hydro","Organic","2",2017-06-22,"RS1","Q2","Lasthenia glabrata","yellowray goldfields","LAGL","Native","Forb","A","U","1"
"10931","L","1",NA,"C","R","Hydro","Organic","2",2017-06-22,"RS1","Q3","Atriplex prostrata","fat hen","ATPR","Weed","Forb","A","U","1"
"10967","L","1",NA,"C","R","Hydro","Organic","2",2017-06-22,"RS1","Q3","Festuca microstachys","annual fescue","FEMI","Native","Grass","A","R","1"
"10970","L","1",NA,"C","R","Hydro","Organic","2",2017-06-22,"RS1","Q3","Frankenia salina","alkali heath","FRSA","Native","Forb","P","R","1"
"10975","L","1",NA,"C","R","Hydro","Organic","2",2017-06-22,"RS1","Q3","Grindelia stricta","salt marsh gumplant","GRST","Native","Forb","P","R","1"
"10979","L","1",NA,"C","R","Hydro","Organic","2",2017-06-22,"RS1","Q3","Hordeum depressum","alkali brome","HODE","Native","Grass","A","R","1"
"10987","L","1",NA,"C","R","Hydro","Organic","2",2017-06-22,"RS1","Q3","Lasthenia glabrata","yellowray goldfields","LAGL","Native","Forb","A","U","1"
"11019","L","1",NA,"C","R","Hydro","Organic","2",2017-06-22,"RS1","Q3","Spergularia marina","salt marsh sand spurry","SPMA","Native","Forb","A","R","1"
"11072","S","1",NA,"C","R","Hydro","Hybrid","3",2017-06-22,"RS2","Q1","Festuca microstachys","annual fescue","FEMI","Native","Grass","A","R","1"
"11079","S","1",NA,"C","R","Hydro","Hybrid","3",2017-06-22,"RS2","Q1","Grasses",NA,"GRASS",NA,"Grass","A/P","R","1"
"11084","S","1",NA,"C","R","Hydro","Hybrid","3",2017-06-22,"RS2","Q1","Hordeum depressum","alkali brome","HODE","Native","Grass","A","R","1"
"11141","M","1",NA,"C","R","Hydro","Hybrid","3",2017-06-22,"RS2","Q2","Atriplex prostrata","fat hen","ATPR","Weed","Forb","A","C","1"
"11177","M","1",NA,"C","R","Hydro","Hybrid","3",2017-06-22,"RS2","Q2","Festuca microstachys","annual fescue","FEMI","Native","Grass","A","R","1"
"11185","M","1",NA,"C","R","Hydro","Hybrid","3",2017-06-22,"RS2","Q2","Grindelia stricta","salt marsh gumplant","GRST","Native","Forb","P","R","1"
"11197","M","1",NA,"C","R","Hydro","Hybrid","3",2017-06-22,"RS2","Q2","Lasthenia glabrata","yellowray goldfields","LAGL","Native","Forb","A","R","1"
"11246","M","3",NA,"C","R","Hydro","Hybrid","3",2017-06-22,"RS2","Q3","Atriplex prostrata","fat hen","ATPR","Weed","Forb","A","C","2"
"11285","M","3",NA,"C","R","Hydro","Hybrid","3",2017-06-22,"RS2","Q3","Frankenia salina","alkali heath","FRSA","Native","Forb","P","R","1"
"11289","M","3",NA,"C","R","Hydro","Hybrid","3",2017-06-22,"RS2","Q3","Grasses",NA,"GRASS",NA,"Grass","A/P","R","2"
"11294","M","3",NA,"C","R","Hydro","Hybrid","3",2017-06-22,"RS2","Q3","Hordeum depressum","alkali brome","HODE","Native","Grass","A","R","1"
"11302","M","3",NA,"C","R","Hydro","Hybrid","3",2017-06-22,"RS2","Q3","Lasthenia glabrata","yellowray goldfields","LAGL","Native","Forb","A","R","1"
"11327","M","3",NA,"C","R","Hydro","Hybrid","3",2017-06-22,"RS2","Q3","Salicornia pacifica","perennial pickleweed","SAPA","Native","Forb","P","R","1"
